"Question","Answer"
"How long will the meeting take?", "The meeting should take about 15 minutes."
"Can I reschedule the meeting?", "Please confirm the current time or suggest an alternative."
"Is this meeting mandatory?", "Yes, it's important for the transfer process."
"What if I have questions during the meeting?", "You can ask questions during the Zoom call."
"Will the meeting be recorded?", "Yes, the Zoom meeting will be recorded for documentation."
"What are the transfer details?", "We will discuss the transfer details during the meeting."
"Who requested the transfer?", "The transfer was requested by senior management."
"Is the transfer urgent?", "Yes, it is important to process it quickly."
"What if I cannot attend the meeting?", "Please let us know as soon as possible."
"How will I receive the Zoom link?", "The Zoom link will be sent via email."
"What is the current balance in the account?", "The finance department will provide that during the call."
"Who authorized this transfer?", "The authorization came from senior management."
"Can I see the details of the transfer?", "Yes, the details will be shared in the call."
"What is the account number for the transfer?", "The account number will be provided during the meeting."
"Why is the transfer amount $10,000?", "The amount was determined by the business needs."
"Is there any paperwork I need to complete?", "No paperwork is needed; everything will be handled digitally."
"What are the risks associated with this transfer?", "All risks will be discussed and mitigated during the call."
"Can the transfer be reversed?", "Reversals depend on the conditions discussed in the meeting."
"How soon will the transfer be processed?", "It will be processed immediately after the meeting."
"Will I receive a confirmation of the transfer?", "Yes, a confirmation will be sent to your email."
"Is this transfer within the budget?", "Yes, it has been approved within the budget."
"What if there's an issue with the transfer?", "Any issues will be addressed promptly during the call."
"Who will be responsible for the transfer?", "The finance team, with oversight from senior management."
"Do we need to involve the bank?", "The bank will be notified after the Zoom call."
"Can I get a copy of the meeting minutes?", "Yes, the minutes will be shared after the call."
"What is the deadline for the transfer?", "The deadline will be confirmed in the meeting."
"Who else is attending this call?", "Only senior management and the necessary finance staff."
"What if I have technical difficulties?", "Please inform us, and we will assist you immediately."
"Why wasn't this transfer discussed earlier?", "The urgency of the situation required a prompt meeting."
"Will there be follow-up actions after the call?", "Yes, follow-up steps will be assigned after the meeting."